player.id,season_id,season,games,minutes
2948,90,2020_2021,1,85.7338
2961,90,2020_2021,1,98.60491667
3023,90,2020_2021,2,124.9983667
3042,90,2020_2021,2,191.4548167
3093,90,2020_2021,2,189.9698333
3163,90,2020_2021,1,22.42938333
3245,90,2020_2021,2,24.38358333
3246,90,2020_2021,1,21.58931667
3265,90,2020_2021,2,120.6980333
3308,90,2020_2021,2,194.6848333
3366,90,2020_2021,2,141.0566167
3417,90,2020_2021,1,66.5687
3437,90,2020_2021,2,82.11946667
3497,90,2020_2021,1,48.1653
3498,90,2020_2021,1,96.08638333
3501,90,2020_2021,11,671.8519833
3509,90,2020_2021,2,193.5761167
3515,90,2020_2021,1,59.82505
3610,90,2020_2021,2,133.54285
3666,90,2020_2021,1,27.936
3721,90,2020_2021,1,76.40888333
3804,90,2020_2021,2,193.5761167
3810,90,2020_2021,1,20.65368333
3991,90,2020_2021,1,97.29926667
4267,90,2020_2021,2,130.8928333
4345,90,2020_2021,1,61.27363333
4367,90,2020_2021,2,187.96375
4445,90,2020_2021,2,190.0119833
4447,90,2020_2021,26,1058.569683
4546,90,2020_2021,2,187.6104
4629,90,2020_2021,1,10.15236667
4691,90,2020_2021,1,98.3483
4926,90,2020_2021,1,22.16425
5186,90,2020_2021,1,96.78223333
5198,90,2020_2021,1,22.39635
5199,90,2020_2021,2,194.6848333
5200,90,2020_2021,2,97.76863333
5201,90,2020_2021,1,97.09986667
5202,90,2020_2021,2,138.5888667
5203,90,2020_2021,33,2435.57605
5211,90,2020_2021,33,3057.9006
5213,90,2020_2021,18,1569.832183
5214,90,2020_2021,1,98.3483
5217,90,2020_2021,2,177.0982333
5246,90,2020_2021,1,96.40955
5259,90,2020_2021,1,98.27528333
5463,90,2020_2021,2,123.0473
5470,90,2020_2021,2,140.6799833
5477,90,2020_2021,27,1646.65615
5485,90,2020_2021,1,97.09986667
5487,90,2020_2021,33,2467.686833
5492,90,2020_2021,11,546.4491333
5503,90,2020_2021,35,3214.61605
5523,90,2020_2021,1,78.31293333
5539,90,2020_2021,2,188.85035
5552,90,2020_2021,1,22.16366667
5563,90,2020_2021,1,97.66195
5574,90,2020_2021,2,171.4118667
5598,90,2020_2021,1,60.9456
5633,90,2020_2021,2,190.5032667
5688,90,2020_2021,1,9.687366667
5691,90,2020_2021,1,93.94706667
5719,90,2020_2021,2,117.2385167
6297,90,2020_2021,2,194.4164333
6301,90,2020_2021,2,82.76281667
6330,90,2020_2021,2,91.22065
6376,90,2020_2021,2,194.6848333
6377,90,2020_2021,2,163.0884
6378,90,2020_2021,2,194.6848333
6379,90,2020_2021,15,1023.802767
6381,90,2020_2021,2,181.7320667
6387,90,2020_2021,1,46.98356667
6391,90,2020_2021,2,175.35155
6392,90,2020_2021,1,10.90346667
6393,90,2020_2021,2,178.33445
6397,90,2020_2021,1,95.2726
6401,90,2020_2021,1,15.65681667
6402,90,2020_2021,2,105.4771
6564,90,2020_2021,1,80.63743333
6565,90,2020_2021,1,19.54253333
6579,90,2020_2021,1,67.89273333
6581,90,2020_2021,2,54.29458333
6582,90,2020_2021,2,126.0114
6583,90,2020_2021,2,194.4164333
6585,90,2020_2021,1,99.32313333
6587,90,2020_2021,1,63.5236
6589,90,2020_2021,2,31.59643333
6590,90,2020_2021,6,579.91165
6591,90,2020_2021,2,189.3031833
6592,90,2020_2021,2,190.35075
6594,90,2020_2021,2,129.3562167
6595,90,2020_2021,2,189.8537167
6596,90,2020_2021,2,194.4164333
6603,90,2020_2021,2,188.8337167
6604,90,2020_2021,1,29.90958333
6609,90,2020_2021,2,192.8339333
6611,90,2020_2021,1,63.52403333
6612,90,2020_2021,2,189.9698333
6613,90,2020_2021,1,97.54343333
6615,90,2020_2021,2,142.9862667
6616,90,2020_2021,2,79.77901667
6618,90,2020_2021,2,103.8014333
6622,90,2020_2021,2,147.0667833
6627,90,2020_2021,2,191.4287833
6629,90,2020_2021,2,189.9698333
6630,90,2020_2021,1,34.07358333
6632,90,2020_2021,1,23.16646667
6634,90,2020_2021,2,191.4287833
6648,90,2020_2021,2,157.9065833
6649,90,2020_2021,2,132.6885333
6651,90,2020_2021,1,64.99301667
6656,90,2020_2021,2,161.4037333
6657,90,2020_2021,2,34.22278333
6658,90,2020_2021,2,84.29241667
6663,90,2020_2021,1,93.94706667
6665,90,2020_2021,2,189.2790167
6667,90,2020_2021,2,94.72981667
6668,90,2020_2021,2,117.9256
6670,90,2020_2021,2,157.2525167
6672,90,2020_2021,2,87.03815
6673,90,2020_2021,2,100.70485
6676,90,2020_2021,2,179.6021667
6681,90,2020_2021,1,76.92613333
6682,90,2020_2021,1,95.62636667
6684,90,2020_2021,2,141.9001333
6685,90,2020_2021,1,95.36843333
6689,90,2020_2021,1,53.69486667
6693,90,2020_2021,1,95.36925
6695,90,2020_2021,1,78.37736667
6699,90,2020_2021,2,178.37555
6701,90,2020_2021,2,178.6106667
6718,90,2020_2021,1,94.9309
6721,90,2020_2021,1,96.08638333
6722,90,2020_2021,2,191.4287833
6724,90,2020_2021,2,104.66195
6732,90,2020_2021,1,82.40808333
6733,90,2020_2021,1,92.27018333
6735,90,2020_2021,1,22.85723333
6746,90,2020_2021,2,194.4164333
6752,90,2020_2021,2,131.0024167
6755,90,2020_2021,2,189.8537167
6757,90,2020_2021,1,93.5108
6760,90,2020_2021,2,57.02221667
6766,90,2020_2021,2,180.16635
6771,90,2020_2021,2,112.9827333
6772,90,2020_2021,2,100.5818667
6773,90,2020_2021,2,133.1550833
6775,90,2020_2021,2,122.6760333
6782,90,2020_2021,1,60.55406667
6784,90,2020_2021,1,94.72438333
6785,90,2020_2021,2,190.0119833
6786,90,2020_2021,1,8.395133333
6787,90,2020_2021,1,15.9261
6789,90,2020_2021,1,64.28065
6790,90,2020_2021,2,194.6848333
6796,90,2020_2021,1,28.07996667
6797,90,2020_2021,2,194.4164333
6799,90,2020_2021,1,93.5108
6803,90,2020_2021,1,63.47771667
6805,90,2020_2021,1,99.32313333
6807,90,2020_2021,1,94.72438333
6809,90,2020_2021,1,97.29926667
6821,90,2020_2021,2,190.0119833
6826,90,2020_2021,32,2548.38265
6830,90,2020_2021,1,95.36925
6840,90,2020_2021,2,172.2884833
6842,90,2020_2021,2,189.2790167
6851,90,2020_2021,2,101.7505833
6863,90,2020_2021,2,145.3562667
6872,90,2020_2021,1,96.01051667
6877,90,2020_2021,1,94.00641667
6880,90,2020_2021,1,73.93883333
6892,90,2020_2021,2,189.8537167
6893,90,2020_2021,1,46.88498333
6898,90,2020_2021,1,100.3576833
6901,90,2020_2021,2,140.4718333
6906,90,2020_2021,1,11.82203333
6908,90,2020_2021,2,48.16923333
6923,90,2020_2021,1,40.21698333
6930,90,2020_2021,1,70.98836667
6935,90,2020_2021,2,42.97075
6947,90,2020_2021,17,600.2308167
6982,90,2020_2021,1,34.27538333
7006,90,2020_2021,1,45.97553333
7022,90,2020_2021,2,110.2329667
7030,90,2020_2021,2,173.1929333
7064,90,2020_2021,1,72.35775
7068,90,2020_2021,1,98.3483
7104,90,2020_2021,1,97.29926667
7105,90,2020_2021,1,36.98348333
7478,90,2020_2021,2,56.59048333
7578,90,2020_2021,1,36.9691
7897,90,2020_2021,1,60.29426667
7910,90,2020_2021,2,36.35815
8118,90,2020_2021,34,3075.177433
8540,90,2020_2021,1,86.60178333
8572,90,2020_2021,1,48.95536667
8652,90,2020_2021,1,94.05875
8654,90,2020_2021,2,99.27386667
8819,90,2020_2021,2,114.8185
8866,90,2020_2021,2,34.0922
9462,90,2020_2021,1,63.64001667
9857,90,2020_2021,1,93.94706667
10605,90,2020_2021,2,189.9698333
10709,90,2020_2021,2,21.82768333
11167,90,2020_2021,2,100.5911167
11291,90,2020_2021,1,48.98276667
11296,90,2020_2021,2,137.5377667
11298,90,2020_2021,2,190.9416
11300,90,2020_2021,2,190.9416
11301,90,2020_2021,1,57.39875
11302,90,2020_2021,2,190.9416
11388,90,2020_2021,2,161.1513
11389,90,2020_2021,2,113.4651167
11391,90,2020_2021,1,85.71326667
11501,90,2020_2021,2,140.0641667
11538,90,2020_2021,2,196.01025
11550,90,2020_2021,1,70.88253333
11669,90,2020_2021,2,176.0286667
11670,90,2020_2021,2,100.9403833
11671,90,2020_2021,1,88.90413333
11675,90,2020_2021,2,113.4448333
11676,90,2020_2021,2,103.3126
11677,90,2020_2021,2,168.1795167
11748,90,2020_2021,2,189.2790167
12021,90,2020_2021,2,43.05728333
12041,90,2020_2021,2,112.3753
12072,90,2020_2021,1,72.57906667
12073,90,2020_2021,2,124.3729
12419,90,2020_2021,1,84.24798333
13599,90,2020_2021,3,101.3428167
13620,90,2020_2021,1,96.47625
15880,90,2020_2021,1,60.38968333
16003,90,2020_2021,2,190.0119833
16212,90,2020_2021,1,31.67148333
16249,90,2020_2021,2,162.5095833
16298,90,2020_2021,1,15.96478333
16309,90,2020_2021,1,97.66195
16335,90,2020_2021,2,163.25285
16489,90,2020_2021,1,17.66051667
16555,90,2020_2021,1,49.20123333
17027,90,2020_2021,2,94.0624
17303,90,2020_2021,1,67.5464
17304,90,2020_2021,5,166.5026333
17620,90,2020_2021,2,143.3717833
18395,90,2020_2021,2,171.41245
18783,90,2020_2021,1,81.17415
19597,90,2020_2021,1,95.08108333
19668,90,2020_2021,1,16.17915
19677,90,2020_2021,2,171.1467333
20033,90,2020_2021,2,146.9932667
20055,90,2020_2021,29,2770.743133
20063,90,2020_2021,2,108.1616833
20542,90,2020_2021,2,94.64191667
21081,90,2020_2021,1,95.78026667
21225,90,2020_2021,2,175.12885
21399,90,2020_2021,2,172.8689333
21881,90,2020_2021,28,1880.064833
22020,90,2020_2021,1,94.93108333
22029,90,2020_2021,1,93.5108
22107,90,2020_2021,1,94.05875
22128,90,2020_2021,2,181.4797833
22199,90,2020_2021,2,105.5644333
22321,90,2020_2021,2,73.23935
22390,90,2020_2021,25,710.2729
22740,90,2020_2021,1,3.57545
23211,90,2020_2021,1,2.89995
23212,90,2020_2021,1,95.36843333
23213,90,2020_2021,2,28.7089
23307,90,2020_2021,2,90.32046667
23322,90,2020_2021,2,188.8337167
23344,90,2020_2021,2,190.35075
23522,90,2020_2021,2,196.01025
23627,90,2020_2021,1,57.9476
23807,90,2020_2021,1,92.95638333
23811,90,2020_2021,2,161.4282167
23812,90,2020_2021,2,188.8337167
23825,90,2020_2021,1,33.6528
23934,90,2020_2021,2,196.14835
23943,90,2020_2021,2,147.4066667
23944,90,2020_2021,2,75.11671667
23945,90,2020_2021,1,65.45966667
23947,90,2020_2021,2,114.2044667
23948,90,2020_2021,1,95.62636667
23949,90,2020_2021,1,95.36925
23950,90,2020_2021,1,93.93393333
23966,90,2020_2021,2,129.40515
23967,90,2020_2021,2,135.8617
23970,90,2020_2021,1,37.27105
23971,90,2020_2021,2,144.2310333
23973,90,2020_2021,1,64.03473333
23978,90,2020_2021,1,6.452683333
24037,90,2020_2021,1,25.10081667
24049,90,2020_2021,2,119.8198
24052,90,2020_2021,2,153.3350167
24053,90,2020_2021,1,64.53733333
24055,90,2020_2021,1,20.6542
24085,90,2020_2021,2,130.0286667
24093,90,2020_2021,2,132.4377667
24126,90,2020_2021,1,92.95638333
24133,90,2020_2021,1,94.65401667
24134,90,2020_2021,2,187.6104
24136,90,2020_2021,1,9.101233333
24138,90,2020_2021,1,94.65401667
24140,90,2020_2021,1,92.95638333
24144,90,2020_2021,1,46.0714
24165,90,2020_2021,1,93.94706667
24166,90,2020_2021,1,21.368
24169,90,2020_2021,1,93.94706667
24172,90,2020_2021,1,72.85315
24211,90,2020_2021,2,189.3031833
24212,90,2020_2021,1,93.93393333
24236,90,2020_2021,2,152.3701
24251,90,2020_2021,1,33.55738333
24267,90,2020_2021,2,178.7896
24272,90,2020_2021,1,46.88498333
24315,90,2020_2021,2,81.19473333
24322,90,2020_2021,2,196.14835
24517,90,2020_2021,1,93.94706667
24593,90,2020_2021,2,128.2556167
24616,90,2020_2021,2,196.14835
24681,90,2020_2021,1,62.6156
24712,90,2020_2021,1,60.27238333
24730,90,2020_2021,2,195.33365
24777,90,2020_2021,1,9.408733333
24841,90,2020_2021,11,291.3879833
24921,90,2020_2021,2,168.7253667
25005,90,2020_2021,1,58.25918333
25104,90,2020_2021,1,13.71133333
25134,90,2020_2021,2,69.2718
25598,90,2020_2021,2,188.8337167
25702,90,2020_2021,1,46.0714
25704,90,2020_2021,1,94.65401667
26009,90,2020_2021,2,106.6518333
26387,90,2020_2021,2,151.67655
26404,90,2020_2021,2,117.6403
28658,90,2020_2021,1,24.89475
29198,90,2020_2021,2,196.14835
29310,90,2020_2021,1,94.93108333
30081,90,2020_2021,1,94.65401667
30277,90,2020_2021,2,189.3031833
30370,90,2020_2021,2,102.4400667
30419,90,2020_2021,1,92.93498333
30483,90,2020_2021,2,105.6748833
30486,90,2020_2021,35,2347.072117
30492,90,2020_2021,1,14.29361667
30593,90,2020_2021,2,129.7966833
30756,90,2020_2021,7,452.5581
30760,90,2020_2021,1,10.5269
31090,90,2020_2021,2,114.0299667
31235,90,2020_2021,2,63.70918333
31779,90,2020_2021,1,38.29328333
31914,90,2020_2021,1,14.70583333
31931,90,2020_2021,1,15.62683333
32185,90,2020_2021,2,191.4548167
32480,90,2020_2021,21,1331.474133
32673,90,2020_2021,2,176.0571333
32953,90,2020_2021,1,10.94456667
33339,90,2020_2021,1,93.93393333
34323,90,2020_2021,1,12.77291667
35000,90,2020_2021,1,31.68263333
35287,90,2020_2021,1,94.12951667
35473,90,2020_2021,2,161.1521833
35641,90,2020_2021,1,78.40193333
38792,90,2020_2021,1,42.0985
39073,90,2020_2021,13,530.46095
39598,90,2020_2021,2,65.8576
40881,90,2020_2021,1,37.83655
40890,90,2020_2021,2,192.8339333
41083,90,2020_2021,2,38.83825
41107,90,2020_2021,1,48.057
41202,90,2020_2021,1,5.3487
42282,90,2020_2021,1,78.36995
43728,90,2020_2021,24,1778.864883
47226,90,2020_2021,1,13.92746667
47375,90,2020_2021,1,39.08471667
47447,90,2020_2021,1,63.27723333
50494,90,2020_2021,1,6.700416667
71519,90,2020_2021,1,94.12951667
75546,90,2020_2021,1,93.5108
79498,90,2020_2021,1,48.057
105762,90,2020_2021,1,17.20338333
117025,90,2020_2021,1,1.055883333
2948,42,2019_2020,1,78.6932
3042,42,2019_2020,2,191.1548
3058,42,2019_2020,1,28.59345
3122,42,2019_2020,1,11.15063333
3139,42,2019_2020,1,99.39271667
3141,42,2019_2020,2,191.5032167
3163,42,2019_2020,1,2.095883333
3236,42,2019_2020,2,126.2365833
3245,42,2019_2020,2,30.71108333
3246,42,2019_2020,2,37.32968333
3265,42,2019_2020,2,120.0582
3308,42,2019_2020,1,94.16191667
3366,42,2019_2020,2,194.5592167
3437,42,2019_2020,1,96.11088333
3477,42,2019_2020,2,111.4957833
3497,42,2019_2020,2,141.2930167
3498,42,2019_2020,2,191.1548
3508,42,2019_2020,1,33.75171667
3509,42,2019_2020,2,188.8112167
3513,42,2019_2020,2,55.2682
3515,42,2019_2020,1,98.27228333
3551,42,2019_2020,1,36.79366667
3610,42,2019_2020,2,131.2429833
3666,42,2019_2020,1,42.05191667
3804,42,2019_2020,1,95.63758333
3991,42,2019_2020,1,97.32398333
4345,42,2019_2020,2,182.5920333
4445,42,2019_2020,1,100.2473167
4447,42,2019_2020,12,550.2927833
4546,42,2019_2020,1,93.06861667
4558,42,2019_2020,1,82.6803
4926,42,2019_2020,2,158.4999667
5194,42,2019_2020,1,62.35711667
5198,42,2019_2020,1,80.82533333
5199,42,2019_2020,1,94.16191667
5200,42,2019_2020,1,7.48645
5201,42,2019_2020,2,188.8112167
5203,42,2019_2020,29,2274.918917
5211,42,2019_2020,23,1954.068683
5213,42,2019_2020,30,2812.08985
5214,42,2019_2020,1,72.2912
5217,42,2019_2020,2,191.6026333
5246,42,2019_2020,25,1949.66645
5259,42,2019_2020,1,98.1592
5463,42,2019_2020,2,30.16906667
5466,42,2019_2020,1,70.61413333
5470,42,2019_2020,28,1618.746183
5477,42,2019_2020,4,277.55045
5485,42,2019_2020,2,188.8112167
5487,42,2019_2020,30,2218.819033
5492,42,2019_2020,13,1011.849083
5503,42,2019_2020,33,3074.623883
5504,42,2019_2020,2,144.9990667
5516,42,2019_2020,1,65.97093333
5539,42,2019_2020,2,188.8112167
5552,42,2019_2020,1,93.17363333
5574,42,2019_2020,2,188.8112167
5575,42,2019_2020,1,87.22403333
5633,42,2019_2020,1,88.46623333
5674,42,2019_2020,1,94.3454
5687,42,2019_2020,2,87.57266667
5688,42,2019_2020,2,79.1812
5696,42,2019_2020,1,98.1592
5718,42,2019_2020,1,35.19943333
5721,42,2019_2020,2,188.8112167
5830,42,2019_2020,1,82.99613333
6297,42,2019_2020,1,81.26548333
6301,42,2019_2020,2,121.9686167
6310,42,2019_2020,1,36.26853333
6330,42,2019_2020,1,34.85103333
6374,42,2019_2020,27,1897.928817
6377,42,2019_2020,2,161.78895
6378,42,2019_2020,2,192.3211167
6379,42,2019_2020,26,2128.459967
6381,42,2019_2020,2,192.3211167
6383,42,2019_2020,2,192.3211167
6387,42,2019_2020,1,59.06986667
6388,42,2019_2020,1,28.1245
6391,42,2019_2020,1,17.48391667
6392,42,2019_2020,1,71.11091667
6393,42,2019_2020,1,71.12965
6397,42,2019_2020,1,97.56188333
6399,42,2019_2020,1,95.63758333
6400,42,2019_2020,1,87.32963333
6401,42,2019_2020,1,60.91145
6402,42,2019_2020,1,35.49756667
6565,42,2019_2020,2,144.68905
6569,42,2019_2020,1,94.3454
6571,42,2019_2020,1,96.09611667
6573,42,2019_2020,2,194.5746333
6580,42,2019_2020,1,87.84341667
6582,42,2019_2020,2,156.3037667
6583,42,2019_2020,1,91.11565
6585,42,2019_2020,1,23.03425
6587,42,2019_2020,1,5.8373
6589,42,2019_2020,1,96.11088333
6590,42,2019_2020,2,191.9135167
6591,42,2019_2020,1,103.3610833
6592,42,2019_2020,2,190.2601167
6594,42,2019_2020,1,15.09076667
6596,42,2019_2020,1,96.11088333
6598,42,2019_2020,2,193.7381167
6599,42,2019_2020,2,193.7381167
6601,42,2019_2020,1,24.36258333
6602,42,2019_2020,1,73.27581667
6603,42,2019_2020,1,94.3454
6604,42,2019_2020,1,51.2223
6605,42,2019_2020,1,94.09736667
6606,42,2019_2020,2,98.8251
6609,42,2019_2020,2,113.7532833
6610,42,2019_2020,2,193.7381167
6611,42,2019_2020,1,42.25511667
6612,42,2019_2020,1,95.59505
6613,42,2019_2020,1,4.995233333
6615,42,2019_2020,1,47.00345
6616,42,2019_2020,2,111.8061167
6618,42,2019_2020,2,191.6911667
6621,42,2019_2020,1,26.70985
6626,42,2019_2020,1,71.63296667
6629,42,2019_2020,1,95.59505
6630,42,2019_2020,1,55.06886667
6632,42,2019_2020,2,155.8268
6634,42,2019_2020,1,97.32398333
6635,42,2019_2020,1,98.75723333
6636,42,2019_2020,1,95.59505
6648,42,2019_2020,1,97.18021667
6649,42,2019_2020,1,97.56188333
6651,42,2019_2020,1,24.88901667
6658,42,2019_2020,1,8.45555
6659,42,2019_2020,1,66.48816667
6667,42,2019_2020,1,97.56188333
6668,42,2019_2020,2,143.1735333
6670,42,2019_2020,1,97.05743333
6673,42,2019_2020,1,97.18021667
6676,42,2019_2020,2,120.52275
6680,42,2019_2020,2,126.8471167
6682,42,2019_2020,2,190.2601167
6684,42,2019_2020,1,94.2392
6685,42,2019_2020,2,124.3508333
6688,42,2019_2020,2,183.2689667
6693,42,2019_2020,1,103.3610833
6698,42,2019_2020,2,185.2961
6699,42,2019_2020,1,26.45096667
6700,42,2019_2020,2,136.5404167
6701,42,2019_2020,2,121.0043833
6705,42,2019_2020,2,185.2961
6707,42,2019_2020,1,78.79025
6708,42,2019_2020,1,93.15515
6709,42,2019_2020,2,185.2961
6710,42,2019_2020,1,93.23093333
6711,42,2019_2020,1,14.3649
6712,42,2019_2020,1,92.14095
6713,42,2019_2020,2,164.7294167
6719,42,2019_2020,1,11.96718333
6721,42,2019_2020,2,43.63895
6722,42,2019_2020,1,97.32398333
6724,42,2019_2020,2,81.23743333
6732,42,2019_2020,2,142.5971667
6735,42,2019_2020,1,75.96863333
6746,42,2019_2020,1,96.11088333
6748,42,2019_2020,1,96.11088333
6754,42,2019_2020,2,166.4501333
6755,42,2019_2020,2,191.5032167
6760,42,2019_2020,2,75.6855
6766,42,2019_2020,2,115.4053667
6768,42,2019_2020,2,194.5746333
6769,42,2019_2020,1,95.8174
6771,42,2019_2020,1,40.09521667
6772,42,2019_2020,1,98.27228333
6773,42,2019_2020,2,165.7840667
6775,42,2019_2020,1,38.54706667
6776,42,2019_2020,1,94.0457
6782,42,2019_2020,2,80.25481667
6784,42,2019_2020,1,94.2392
6788,42,2019_2020,1,97.32398333
6789,42,2019_2020,1,97.56188333
6790,42,2019_2020,1,94.16191667
6791,42,2019_2020,1,95.8174
6795,42,2019_2020,2,191.6026333
6796,42,2019_2020,1,96.02091667
6797,42,2019_2020,1,96.11088333
6798,42,2019_2020,1,77.84935
6799,42,2019_2020,2,89.36316667
6805,42,2019_2020,1,94.0457
6809,42,2019_2020,1,6.99115
6810,42,2019_2020,1,76.34813333
6821,42,2019_2020,2,194.5592167
6825,42,2019_2020,1,94.3119
6826,42,2019_2020,23,2119.621417
6828,42,2019_2020,1,14.8454
6840,42,2019_2020,1,72.72256667
6841,42,2019_2020,2,37.66863333
6842,42,2019_2020,1,38.49201667
6851,42,2019_2020,1,99.39271667
6863,42,2019_2020,1,97.32398333
6866,42,2019_2020,2,183.8852167
6867,42,2019_2020,2,185.2961
6877,42,2019_2020,1,97.56188333
6885,42,2019_2020,1,26.23025
6886,42,2019_2020,2,194.5746333
6891,42,2019_2020,1,96.11088333
6892,42,2019_2020,2,191.5032167
6898,42,2019_2020,1,96.11088333
6901,42,2019_2020,1,97.32398333
6902,42,2019_2020,1,74.56088333
6907,42,2019_2020,1,62.6994
6910,42,2019_2020,2,113.1866333
6923,42,2019_2020,1,95.59505
6930,42,2019_2020,1,95.8174
6935,42,2019_2020,1,96.09611667
6982,42,2019_2020,2,103.5186333
6998,42,2019_2020,1,36.07643333
7022,42,2019_2020,1,36.71548333
7030,42,2019_2020,2,191.5032167
7068,42,2019_2020,1,97.18021667
7104,42,2019_2020,1,55.27206667
7105,42,2019_2020,2,185.2961
7154,42,2019_2020,1,9.410066667
7910,42,2019_2020,1,32.87073333
8118,42,2019_2020,24,1787.28835
8206,42,2019_2020,30,1756.621383
8252,42,2019_2020,2,191.1548
8555,42,2019_2020,2,119.9797833
8654,42,2019_2020,2,173.03035
8819,42,2019_2020,2,147.51585
8866,42,2019_2020,2,129.3415667
10318,42,2019_2020,1,35.86436667
11167,42,2019_2020,2,192.3211167
11292,42,2019_2020,1,93.04065
11293,42,2019_2020,1,68.33805
11296,42,2019_2020,2,150.17345
11297,42,2019_2020,1,98.35588333
11298,42,2019_2020,2,106.0463667
11300,42,2019_2020,1,48.90251667
11301,42,2019_2020,1,93.04065
11302,42,2019_2020,2,191.3965333
11303,42,2019_2020,1,53.71841667
11304,42,2019_2020,2,191.3965333
11332,42,2019_2020,1,33.88023333
11386,42,2019_2020,2,135.0015167
11388,42,2019_2020,2,168.5683833
11389,42,2019_2020,1,94.0457
11391,42,2019_2020,1,64.30948333
11392,42,2019_2020,18,1035.746867
11501,42,2019_2020,2,158.9795333
11532,42,2019_2020,1,73.83773333
11538,42,2019_2020,1,97.18021667
11539,42,2019_2020,1,76.89706667
11541,42,2019_2020,2,194.5592167
11550,42,2019_2020,1,97.32398333
11669,42,2019_2020,2,154.9699
11671,42,2019_2020,2,83.91475
11675,42,2019_2020,2,76.09785
11676,42,2019_2020,2,190.2601167
11730,42,2019_2020,2,167.5078667
11746,42,2019_2020,1,59.01481667
11748,42,2019_2020,1,97.56188333
12020,42,2019_2020,1,35.29021667
12021,42,2019_2020,2,95.59776667
12041,42,2019_2020,2,91.44396667
12073,42,2019_2020,2,88.77493333
12555,42,2019_2020,1,61.4805
13107,42,2019_2020,1,93.15515
13599,42,2019_2020,4,234.74635
16003,42,2019_2020,2,194.5592167
16024,42,2019_2020,1,51.28235
16209,42,2019_2020,1,98.75723333
16212,42,2019_2020,1,61.03278333
16249,42,2019_2020,2,124.6798667
16309,42,2019_2020,1,97.18021667
16335,42,2019_2020,2,191.5032167
16489,42,2019_2020,1,27.51721667
16555,42,2019_2020,2,191.6026333
17027,42,2019_2020,2,157.6448167
17303,42,2019_2020,2,89.5825
17304,42,2019_2020,15,986.38605
17520,42,2019_2020,1,93.04065
17620,42,2019_2020,1,97.32398333
17818,42,2019_2020,2,110.7419833
18395,42,2019_2020,1,93.17363333
18620,42,2019_2020,2,194.5592167
19677,42,2019_2020,2,186.7153333
20033,42,2019_2020,2,138.34255
20055,42,2019_2020,31,2980.272983
20063,42,2019_2020,1,56.43726667
21147,42,2019_2020,2,130.9223833
21225,42,2019_2020,1,98.35588333
22020,42,2019_2020,2,141.9438333
22029,42,2019_2020,1,97.55693333
22128,42,2019_2020,1,97.05743333
22321,42,2019_2020,2,66.80396667
22418,42,2019_2020,1,11.5493
22819,42,2019_2020,1,50.2102
23213,42,2019_2020,1,27.01295
23263,42,2019_2020,1,96.09611667
23343,42,2019_2020,2,31.94593333
23344,42,2019_2020,2,190.2601167
23522,42,2019_2020,1,97.18021667
23803,42,2019_2020,1,92.14095
23807,42,2019_2020,2,190.7602333
23808,42,2019_2020,1,26.49933333
23944,42,2019_2020,1,52.13878333
23945,42,2019_2020,1,103.3610833
23947,42,2019_2020,1,12.45461667
23948,42,2019_2020,1,96.02091667
23950,42,2019_2020,1,103.3610833
23981,42,2019_2020,1,92.14095
23986,42,2019_2020,1,94.00218333
24049,42,2019_2020,2,90.16111667
24052,42,2019_2020,1,72.02116667
24067,42,2019_2020,2,19.949
24072,42,2019_2020,2,146.9302
24078,42,2019_2020,1,54.52726667
24079,42,2019_2020,1,49.96093333
24083,42,2019_2020,2,192.97935
24084,42,2019_2020,2,192.97935
24085,42,2019_2020,1,97.52378333
24086,42,2019_2020,2,192.97935
24087,42,2019_2020,2,109.5224833
24088,42,2019_2020,2,192.97935
24089,42,2019_2020,2,143.0184167
24126,42,2019_2020,2,125.6650833
24127,42,2019_2020,2,153.3219667
24133,42,2019_2020,2,190.7602333
24134,42,2019_2020,2,166.4143167
24140,42,2019_2020,2,190.7602333
24141,42,2019_2020,1,98.35588333
24142,42,2019_2020,1,21.04745
24143,42,2019_2020,2,96.87585
24144,42,2019_2020,1,97.69161667
24211,42,2019_2020,1,103.3610833
24212,42,2019_2020,1,103.3610833
24236,42,2019_2020,2,191.1548
24269,42,2019_2020,1,60.61205
24273,42,2019_2020,1,97.55693333
24315,42,2019_2020,1,27.39245
24576,42,2019_2020,2,143.9631167
24613,42,2019_2020,1,98.97716667
24729,42,2019_2020,1,93.23093333
24730,42,2019_2020,1,94.0457
24777,42,2019_2020,2,108.0316
24841,42,2019_2020,11,564.6300833
24949,42,2019_2020,1,9.703
25006,42,2019_2020,5,137.4681167
25104,42,2019_2020,1,15.68288333
25702,42,2019_2020,1,97.69161667
26009,42,2019_2020,1,61.41866667
26387,42,2019_2020,1,96.09611667
26404,42,2019_2020,1,88.72466667
26532,42,2019_2020,2,105.0970833
27342,42,2019_2020,1,22.84481667
30225,42,2019_2020,1,80.07796667
30277,42,2019_2020,1,90.90646667
30294,42,2019_2020,1,11.3654
30419,42,2019_2020,1,49.09266667
30420,42,2019_2020,1,21.86016667
30421,42,2019_2020,1,32.71041667
30519,42,2019_2020,1,60.98758333
30756,42,2019_2020,21,1030.2876
31090,42,2019_2020,2,192.97935
31885,42,2019_2020,1,54.58485
32185,42,2019_2020,2,191.1548
32480,42,2019_2020,6,271.3177167
32670,42,2019_2020,2,161.8642167
32953,42,2019_2020,1,26.43223333
34515,42,2019_2020,1,24.47235
40881,42,2019_2020,1,98.35588333
41116,42,2019_2020,1,82.46616667
41125,42,2019_2020,1,29.60795
3023,4,2018_2019,2,190.9506667
3042,4,2018_2019,2,105.8060667
3109,4,2018_2019,13,476.88085
3236,4,2018_2019,1,76.20176667
3245,4,2018_2019,1,65.48778333
3313,4,2018_2019,2,156.5003167
3437,4,2018_2019,2,87.9684
3457,4,2018_2019,1,93.99101667
3477,4,2018_2019,1,34.49031667
3497,4,2018_2019,1,96.23358333
3501,4,2018_2019,31,1946.295083
3508,4,2018_2019,1,8.1302
3509,4,2018_2019,1,94.96801667
3551,4,2018_2019,2,91.04775
3610,4,2018_2019,2,57.49221667
3625,4,2018_2019,1,78.17781667
3990,4,2018_2019,1,95.15005
3991,4,2018_2019,2,107.3218667
4346,4,2018_2019,1,93.1021
4367,4,2018_2019,1,11.04795
4407,4,2018_2019,1,22.9838
4447,4,2018_2019,1,78.56626667
4546,4,2018_2019,2,132.9313
4629,4,2018_2019,1,96.23358333
4712,4,2018_2019,2,39.30653333
4926,4,2018_2019,1,19.59941667
5186,4,2018_2019,2,177.9396
5198,4,2018_2019,2,109.1119167
5199,4,2018_2019,2,191.2324833
5201,4,2018_2019,1,94.96801667
5203,4,2018_2019,33,2662.03865
5211,4,2018_2019,33,2937.38325
5213,4,2018_2019,33,3125.6455
5214,4,2018_2019,2,172.87325
5217,4,2018_2019,1,54.79843333
5218,4,2018_2019,1,81.17543333
5246,4,2018_2019,31,2781.215217
5249,4,2018_2019,1,95.0739
5259,4,2018_2019,1,95.0739
5463,4,2018_2019,1,94.96801667
5470,4,2018_2019,32,2586.755317
5477,4,2018_2019,25,1586.610867
5484,4,2018_2019,1,96.15858333
5485,4,2018_2019,1,94.96801667
5487,4,2018_2019,2,191.2324833
5492,4,2018_2019,12,1057.9485
5503,4,2018_2019,34,2861.853867
5504,4,2018_2019,2,190.4183333
5516,4,2018_2019,1,18.08571667
5521,4,2018_2019,1,93.1021
5534,4,2018_2019,2,151.3492833
5539,4,2018_2019,1,75.3686
5563,4,2018_2019,2,191.4994167
5573,4,2018_2019,1,94.09571667
5574,4,2018_2019,1,55.34921667
5598,4,2018_2019,1,96.79506667
5674,4,2018_2019,1,47.91996667
5687,4,2018_2019,1,8.8498
5688,4,2018_2019,2,48.35111667
5693,4,2018_2019,1,46.14136667
5696,4,2018_2019,2,130.5976167
5718,4,2018_2019,2,107.2163167
5719,4,2018_2019,1,33.74686667
5721,4,2018_2019,1,94.96801667
5742,4,2018_2019,2,89.60651667
5830,4,2018_2019,1,98.08146667
6038,4,2018_2019,1,13.88648333
6297,4,2018_2019,1,96.26353333
6301,4,2018_2019,2,191.6938667
6320,4,2018_2019,2,156.7421667
6332,4,2018_2019,8,527.51105
6334,4,2018_2019,1,15.02405
6351,4,2018_2019,2,190.2506333
6374,4,2018_2019,25,1663.947433
6375,4,2018_2019,1,3.814466667
6376,4,2018_2019,1,96.15858333
6377,4,2018_2019,2,75.2395
6378,4,2018_2019,2,191.2324833
6379,4,2018_2019,27,2016.147783
6381,4,2018_2019,2,191.2324833
6383,4,2018_2019,1,95.0739
6389,4,2018_2019,2,66.98896667
6390,4,2018_2019,2,156.46265
6391,4,2018_2019,2,190.9506667
6393,4,2018_2019,2,168.1032333
6394,4,2018_2019,1,15.77413333
6396,4,2018_2019,2,123.9617
6399,4,2018_2019,1,61.22115
6401,4,2018_2019,2,107.6196333
6560,4,2018_2019,1,96.13416667
6565,4,2018_2019,2,190.2506333
6566,4,2018_2019,2,119.9
6567,4,2018_2019,1,48.12505
6569,4,2018_2019,1,96.36816667
6570,4,2018_2019,2,160.4075667
6572,4,2018_2019,2,190.2506333
6573,4,2018_2019,2,147.6689
6574,4,2018_2019,2,45.43893333
6578,4,2018_2019,1,96.13416667
6579,4,2018_2019,2,190.2506333
6580,4,2018_2019,1,98.08146667
6581,4,2018_2019,2,149.3359667
6582,4,2018_2019,2,168.1464
6583,4,2018_2019,1,93.99101667
6587,4,2018_2019,1,94.99653333
6589,4,2018_2019,2,101.01915
6590,4,2018_2019,2,188.98755
6592,4,2018_2019,1,92.78681667
6594,4,2018_2019,1,13.60076667
6595,4,2018_2019,2,188.98755
6596,4,2018_2019,1,93.99101667
6598,4,2018_2019,1,93.6124
6599,4,2018_2019,1,93.6124
6601,4,2018_2019,1,93.6124
6603,4,2018_2019,1,98.08146667
6604,4,2018_2019,1,49.2646
6605,4,2018_2019,2,188.4774167
6606,4,2018_2019,1,11.56483333
6608,4,2018_2019,2,95.99493333
6609,4,2018_2019,2,25.91271667
6610,4,2018_2019,2,191.6938667
6611,4,2018_2019,2,160.3455
6612,4,2018_2019,2,187.8705833
6613,4,2018_2019,1,70.606
6615,4,2018_2019,2,187.8705833
6616,4,2018_2019,6,147.3427333
6617,4,2018_2019,1,92.61871667
6618,4,2018_2019,1,92.61871667
6619,4,2018_2019,1,93.33596667
6622,4,2018_2019,1,95.25186667
6624,4,2018_2019,1,22.01271667
6626,4,2018_2019,2,187.8705833
6627,4,2018_2019,2,188.6888667
6629,4,2018_2019,2,187.8705833
6630,4,2018_2019,2,131.608
6632,4,2018_2019,1,92.61871667
6634,4,2018_2019,2,188.6888667
6635,4,2018_2019,2,188.6888667
6636,4,2018_2019,1,71.48798333
6648,4,2018_2019,2,191.4994167
6649,4,2018_2019,2,185.6486167
6651,4,2018_2019,2,131.4455667
6652,4,2018_2019,1,64.35586667
6657,4,2018_2019,1,19.68966667
6658,4,2018_2019,2,191.4994167
6662,4,2018_2019,1,95.97651667
6665,4,2018_2019,2,118.7521167
6666,4,2018_2019,1,12.35763333
6667,4,2018_2019,2,167.7714
6668,4,2018_2019,2,139.5228667
6669,4,2018_2019,1,73.51053333
6671,4,2018_2019,1,82.67135
6672,4,2018_2019,2,116.1723333
6673,4,2018_2019,2,128.8388
6675,4,2018_2019,1,92.78681667
6676,4,2018_2019,2,147.83025
6678,4,2018_2019,1,61.48428333
6679,4,2018_2019,2,188.4774167
6680,4,2018_2019,2,152.2279
6682,4,2018_2019,1,69.165
6684,4,2018_2019,1,9.3222
6685,4,2018_2019,2,188.4774167
6688,4,2018_2019,2,184.9356167
6691,4,2018_2019,2,184.9356167
6692,4,2018_2019,1,92.1488
6694,4,2018_2019,2,188.4774167
6695,4,2018_2019,2,180.3472167
6698,4,2018_2019,1,93.92153333
6700,4,2018_2019,2,148.8123333
6701,4,2018_2019,2,187.0682333
6704,4,2018_2019,1,94.09571667
6705,4,2018_2019,2,187.0682333
6707,4,2018_2019,1,85.62291667
6708,4,2018_2019,1,93.92153333
6709,4,2018_2019,1,93.1467
6710,4,2018_2019,1,93.1467
6711,4,2018_2019,2,44.16315
6712,4,2018_2019,2,170.5127333
6713,4,2018_2019,1,86.38676667
6719,4,2018_2019,2,115.4071167
6720,4,2018_2019,2,190.4183333
6721,4,2018_2019,1,94.3817
6722,4,2018_2019,2,188.6888667
6723,4,2018_2019,2,190.4183333
6734,4,2018_2019,1,93.2678
6737,4,2018_2019,2,190.2836833
6738,4,2018_2019,1,93.6124
6739,4,2018_2019,1,45.98726667
6742,4,2018_2019,2,46.68616667
6746,4,2018_2019,2,188.98755
6748,4,2018_2019,1,55.54736667
6752,4,2018_2019,2,190.2836833
6753,4,2018_2019,1,6.748516667
6754,4,2018_2019,1,96.79506667
6755,4,2018_2019,2,190.2836833
6758,4,2018_2019,2,176.3497667
6760,4,2018_2019,2,148.1687167
6761,4,2018_2019,1,37.19586667
6762,4,2018_2019,2,181.7817833
6764,4,2018_2019,1,94.0501
6765,4,2018_2019,2,187.4180167
6766,4,2018_2019,1,78.6804
6767,4,2018_2019,2,62.74016667
6768,4,2018_2019,2,193.1632333
6769,4,2018_2019,1,96.36816667
6770,4,2018_2019,2,116.9614667
6771,4,2018_2019,1,66.25451667
6772,4,2018_2019,2,190.2836833
6773,4,2018_2019,1,39.6188
6775,4,2018_2019,2,190.9506667
6777,4,2018_2019,2,191.4994167
6778,4,2018_2019,1,77.62143333
6782,4,2018_2019,2,120.2136333
6784,4,2018_2019,1,92.1488
6785,4,2018_2019,2,190.2506333
6788,4,2018_2019,1,93.2678
6789,4,2018_2019,2,190.9506667
6790,4,2018_2019,1,96.36816667
6791,4,2018_2019,1,96.79506667
6792,4,2018_2019,2,191.4994167
6795,4,2018_2019,1,96.26353333
6797,4,2018_2019,1,94.99653333
6798,4,2018_2019,1,48.16171667
6799,4,2018_2019,1,96.26353333
6804,4,2018_2019,2,190.4183333
6805,4,2018_2019,1,96.26353333
6807,4,2018_2019,2,184.9356167
6809,4,2018_2019,1,75.64176667
6821,4,2018_2019,2,190.4183333
6825,4,2018_2019,1,96.19948333
6826,4,2018_2019,21,1838.490283
6827,4,2018_2019,1,7.26535
6834,4,2018_2019,1,20.08791667
6838,4,2018_2019,1,59.5992
6839,4,2018_2019,1,67.90986667
6841,4,2018_2019,1,30.6708
6842,4,2018_2019,1,34.48801667
6852,4,2018_2019,1,96.26353333
6855,4,2018_2019,1,92.61871667
6856,4,2018_2019,1,95.25186667
6857,4,2018_2019,1,28.55375
6863,4,2018_2019,2,188.6888667
6866,4,2018_2019,2,193.1632333
6867,4,2018_2019,1,93.1467
6873,4,2018_2019,2,132.86205
6876,4,2018_2019,1,96.26353333
6877,4,2018_2019,2,190.9506667
6886,4,2018_2019,1,96.79506667
6888,4,2018_2019,2,118.6770333
6891,4,2018_2019,2,188.98755
6899,4,2018_2019,2,177.0996667
6901,4,2018_2019,2,188.6888667
6902,4,2018_2019,2,130.4230667
6906,4,2018_2019,1,20.58518333
6919,4,2018_2019,1,96.19948333
6923,4,2018_2019,1,95.25186667
6924,4,2018_2019,1,93.1021
6935,4,2018_2019,1,24.70885
6998,4,2018_2019,3,111.0082
7040,4,2018_2019,1,61.20038333
7068,4,2018_2019,2,191.4994167
7104,4,2018_2019,1,95.3529
7105,4,2018_2019,2,187.0682333
7578,4,2018_2019,1,13.08063333
7621,4,2018_2019,1,8.5393
7699,4,2018_2019,2,75.00586667
7900,4,2018_2019,1,93.1021
7907,4,2018_2019,1,93.1467
7910,4,2018_2019,2,95.28586667
8068,4,2018_2019,1,57.20866667
8206,4,2018_2019,29,1869.723867
8419,4,2018_2019,1,24.74236667
8540,4,2018_2019,1,7.0733
8555,4,2018_2019,2,123.46635
8652,4,2018_2019,2,189.2744333
8668,4,2018_2019,1,59.42116667
9747,4,2018_2019,1,93.2678
10323,4,2018_2019,1,16.81346667
10763,4,2018_2019,1,93.1467
11291,4,2018_2019,2,113.7511833
11292,4,2018_2019,1,94.11646667
11293,4,2018_2019,2,188.75705
11294,4,2018_2019,1,63.81678333
11296,4,2018_2019,1,94.65698333
11297,4,2018_2019,1,94.65698333
11298,4,2018_2019,2,188.75705
11300,4,2018_2019,1,94.65698333
11301,4,2018_2019,1,94.10006667
11302,4,2018_2019,2,188.75705
11303,4,2018_2019,2,188.75705
11304,4,2018_2019,2,188.75705
11332,4,2018_2019,1,37.01018333
11384,4,2018_2019,1,64.7657
11385,4,2018_2019,2,125.5179833
11386,4,2018_2019,2,183.5351667
11388,4,2018_2019,1,96.26353333
11389,4,2018_2019,1,41.4651
11391,4,2018_2019,2,161.6714
11392,4,2018_2019,23,1258.4663
11535,4,2018_2019,1,28.74623333
11538,4,2018_2019,1,93.1021
11539,4,2018_2019,1,12.59676667
11541,4,2018_2019,2,190.4183333
11550,4,2018_2019,1,93.33596667
11634,4,2018_2019,2,188.98755
11669,4,2018_2019,1,93.2678
11671,4,2018_2019,1,71.2164
11672,4,2018_2019,1,57.34708333
11673,4,2018_2019,1,64.71405
11674,4,2018_2019,1,93.2678
11675,4,2018_2019,1,93.2678
11676,4,2018_2019,1,93.2678
11677,4,2018_2019,1,93.2678
11678,4,2018_2019,1,22.0514
11730,4,2018_2019,2,191.6938667
11744,4,2018_2019,1,72.19855
11745,4,2018_2019,1,19.5152
11748,4,2018_2019,1,94.97415
12190,4,2018_2019,1,23.76388333
12192,4,2018_2019,1,80.50533333
12194,4,2018_2019,1,93.1021
12554,4,2018_2019,1,35.92071667
12555,4,2018_2019,1,48.10181667
13107,4,2018_2019,1,16.3001
13108,4,2018_2019,2,18.94686667
13360,4,2018_2019,1,94.21885
13599,4,2018_2019,15,505.5964
16209,4,2018_2019,1,93.1021
16210,4,2018_2019,2,52.02491667
16212,4,2018_2019,2,159.9830167
16335,4,2018_2019,2,183.0183333
17027,4,2018_2019,1,94.10006667
17054,4,2018_2019,1,93.1021
17276,4,2018_2019,1,9.0236
17303,4,2018_2019,1,64.72198333
17304,4,2018_2019,1,96.34936667
17620,4,2018_2019,2,157.5234167
17804,4,2018_2019,1,96.26353333
17818,4,2018_2019,2,191.6938667
18163,4,2018_2019,1,45.41275
18164,4,2018_2019,1,94.10006667
18395,4,2018_2019,1,94.96801667
18620,4,2018_2019,1,94.96801667
18721,4,2018_2019,1,9.68545
19677,4,2018_2019,1,94.96801667
20055,4,2018_2019,32,3032.60465
21147,4,2018_2019,2,123.4513333
21397,4,2018_2019,1,93.1021
22020,4,2018_2019,1,94.10006667
22129,4,2018_2019,1,94.11646667
22287,4,2018_2019,1,96.36816667
22321,4,2018_2019,1,7.994933333
22452,4,2018_2019,1,94.3817
22915,4,2018_2019,1,26.1493
22919,4,2018_2019,1,96.36816667
23264,4,2018_2019,1,7.852683333
23343,4,2018_2019,1,31.49183333
23344,4,2018_2019,1,92.78681667
23492,4,2018_2019,1,18.47588333
23522,4,2018_2019,1,26.3651
24976,4,2018_2019,1,26.46003333
25006,4,2018_2019,1,20.71346667
3236,1,2017_2018,2,168.1031
3302,1,2017_2018,2,137.7629667
3501,1,2017_2018,16,1151.584617
3726,1,2017_2018,10,523.89465
4265,1,2017_2018,1,92.44786667
4353,1,2017_2018,1,93.72561667
4367,1,2017_2018,2,163.9769167
4443,1,2017_2018,1,93.5819
5186,1,2017_2018,1,45.74366667
5198,1,2017_2018,1,94.1187
5199,1,2017_2018,2,188.0912833
5200,1,2017_2018,1,27.68173333
5201,1,2017_2018,2,192.5018167
5202,1,2017_2018,2,98.75753333
5203,1,2017_2018,29,2510.253133
5207,1,2017_2018,2,142.7155667
5211,1,2017_2018,31,2688.302533
5213,1,2017_2018,28,2581.962333
5216,1,2017_2018,29,1822.310483
5217,1,2017_2018,2,190.42725
5246,1,2017_2018,31,2833.512783
5249,1,2017_2018,2,188.0912833
5259,1,2017_2018,1,94.1187
5456,1,2017_2018,2,83.64116667
5461,1,2017_2018,1,59.60353333
5463,1,2017_2018,2,192.5018167
5466,1,2017_2018,1,96.14991667
5470,1,2017_2018,33,2755.973233
5477,1,2017_2018,15,814.8017667
5484,1,2017_2018,1,19.09776667
5485,1,2017_2018,2,192.5018167
5487,1,2017_2018,2,188.0912833
5492,1,2017_2018,24,2189.281833
5503,1,2017_2018,36,3135.692383
5504,1,2017_2018,2,186.4210333
5506,1,2017_2018,7,565.1061333
5516,1,2017_2018,2,175.80745
5534,1,2017_2018,2,165.4203333
5537,1,2017_2018,2,185.1418167
5539,1,2017_2018,2,171.07875
5542,1,2017_2018,33,1940.698433
5552,1,2017_2018,2,192.5018167
5556,1,2017_2018,1,47.11775
5563,1,2017_2018,2,187.2007667
5574,1,2017_2018,2,181.6645333
5582,1,2017_2018,2,178.8977
5588,1,2017_2018,1,29.81741667
5597,1,2017_2018,2,192.5018167
5633,1,2017_2018,1,73.04836667
5678,1,2017_2018,1,62.59858333
5685,1,2017_2018,1,7.2813
5687,1,2017_2018,2,185.83505
5688,1,2017_2018,1,70.45751667
5691,1,2017_2018,1,24.64946667
5693,1,2017_2018,2,143.0912
5718,1,2017_2018,2,162.3470667
5719,1,2017_2018,2,71.20931667
5721,1,2017_2018,1,63.55476667
5724,1,2017_2018,2,188.90395
5737,1,2017_2018,2,186.4210333
5742,1,2017_2018,1,45.06068333
6038,1,2017_2018,1,75.81655
6196,1,2017_2018,4,295.1224333
6297,1,2017_2018,2,190.42725
6320,1,2017_2018,2,168.9935167
6330,1,2017_2018,2,77.85345
6332,1,2017_2018,13,1038.0623
6334,1,2017_2018,2,168.2060833
6356,1,2017_2018,1,92.16768333
6374,1,2017_2018,23,1469.1561
6375,1,2017_2018,1,93.97258333
6376,1,2017_2018,1,93.97258333
6377,1,2017_2018,2,92.69706667
6378,1,2017_2018,2,188.0912833
6379,1,2017_2018,29,2266.904833
6381,1,2017_2018,2,188.0912833
6382,1,2017_2018,1,11.6043
6383,1,2017_2018,2,115.0429167
6384,1,2017_2018,2,149.2271667
6386,1,2017_2018,1,93.72561667
6387,1,2017_2018,1,93.72561667
6388,1,2017_2018,2,140.7657667
6389,1,2017_2018,2,159.6476167
6390,1,2017_2018,2,73.38241667
6391,1,2017_2018,2,185.8142833
6392,1,2017_2018,2,185.8142833
6393,1,2017_2018,2,112.4318667
6394,1,2017_2018,2,115.2135167
6395,1,2017_2018,2,185.8142833
6396,1,2017_2018,2,71.21518333
6397,1,2017_2018,2,185.8142833
6399,1,2017_2018,2,119.6979333
6400,1,2017_2018,14,481.8477
6401,1,2017_2018,1,27.25981667
6402,1,2017_2018,16,692.80525
6557,1,2017_2018,1,93.5819
6559,1,2017_2018,1,93.5819
6561,1,2017_2018,1,93.5819
6563,1,2017_2018,1,48.02133333
6564,1,2017_2018,2,171.31635
6565,1,2017_2018,2,186.3533667
6566,1,2017_2018,1,21.79786667
6567,1,2017_2018,1,62.71496667
6569,1,2017_2018,1,93.5819
6570,1,2017_2018,1,93.14708333
6572,1,2017_2018,2,186.3533667
6573,1,2017_2018,2,186.3533667
6574,1,2017_2018,2,116.2593333
6575,1,2017_2018,1,25.83946667
6576,1,2017_2018,1,93.20628333
6578,1,2017_2018,2,113.61105
6582,1,2017_2018,2,163.3003167
6583,1,2017_2018,2,184.1593167
6584,1,2017_2018,2,107.9929167
6589,1,2017_2018,2,189.2247667
6590,1,2017_2018,2,189.2247667
6592,1,2017_2018,2,103.7169
6593,1,2017_2018,1,94.13151667
6594,1,2017_2018,2,76.51775
6595,1,2017_2018,2,189.2247667
6596,1,2017_2018,2,189.2247667
6597,1,2017_2018,2,185.7870667
6598,1,2017_2018,1,93.51705
6599,1,2017_2018,2,170.3096833
6600,1,2017_2018,2,95.04141667
6601,1,2017_2018,2,106.8571333
6602,1,2017_2018,1,15.47738333
6603,1,2017_2018,2,172.4469833
6604,1,2017_2018,1,33.45245
6605,1,2017_2018,2,185.7870667
6606,1,2017_2018,2,105.3173
6607,1,2017_2018,1,93.51705
6608,1,2017_2018,2,185.7870667
6609,1,2017_2018,17,606.0409333
6610,1,2017_2018,2,185.7870667
6611,1,2017_2018,1,77.39406667
6612,1,2017_2018,1,88.95211667
6613,1,2017_2018,2,173.4964
6614,1,2017_2018,2,189.2778333
6615,1,2017_2018,1,94.21345
6616,1,2017_2018,1,18.3969
6617,1,2017_2018,2,162.4432667
6619,1,2017_2018,2,188.90395
6621,1,2017_2018,2,157.2981
6622,1,2017_2018,1,95.06438333
6624,1,2017_2018,1,26.83456667
6625,1,2017_2018,2,188.90395
6626,1,2017_2018,2,173.28445
6627,1,2017_2018,2,188.90395
6628,1,2017_2018,1,95.06438333
6629,1,2017_2018,2,189.2778333
6630,1,2017_2018,2,104.5427333
6631,1,2017_2018,1,16.42721667
6632,1,2017_2018,1,95.06438333
6633,1,2017_2018,1,95.08266667
6634,1,2017_2018,2,188.90395
6635,1,2017_2018,1,6.32135
6636,1,2017_2018,1,95.06438333
6646,1,2017_2018,1,94.04181667
6647,1,2017_2018,2,187.2007667
6648,1,2017_2018,2,187.2007667
6649,1,2017_2018,1,92.08866667
6651,1,2017_2018,2,187.2007667
6654,1,2017_2018,2,187.2007667
6655,1,2017_2018,2,105.2759
6657,1,2017_2018,2,167.24535
6658,1,2017_2018,1,94.04181667
6659,1,2017_2018,2,81.92486667
6660,1,2017_2018,1,92.08866667
6661,1,2017_2018,1,15.79538333
6663,1,2017_2018,1,93.15895
6665,1,2017_2018,1,92.08866667
6666,1,2017_2018,1,70.60076667
6669,1,2017_2018,2,144.2380667
6671,1,2017_2018,2,186.4614833
6673,1,2017_2018,2,123.4862167
6674,1,2017_2018,1,93.19543333
6675,1,2017_2018,1,95.12271667
6676,1,2017_2018,1,38.43223333
6678,1,2017_2018,1,74.15773333
6679,1,2017_2018,1,71.409
6682,1,2017_2018,1,95.12271667
6683,1,2017_2018,1,95.12271667
6685,1,2017_2018,2,127.6379333
6687,1,2017_2018,1,95.12271667
6689,1,2017_2018,2,115.0524833
6690,1,2017_2018,2,82.17905
6691,1,2017_2018,1,83.41601667
6692,1,2017_2018,1,95.12271667
6693,1,2017_2018,2,186.4614833
6694,1,2017_2018,1,93.26605
6695,1,2017_2018,2,152.0189833
6698,1,2017_2018,2,185.83505
6699,1,2017_2018,1,65.08478333
6700,1,2017_2018,1,71.77015
6701,1,2017_2018,2,175.1978333
6702,1,2017_2018,1,48.01835
6703,1,2017_2018,1,15.39121667
6705,1,2017_2018,1,93.10451667
6707,1,2017_2018,2,31.5976
6708,1,2017_2018,1,92.73053333
6709,1,2017_2018,2,185.83505
6710,1,2017_2018,2,120.7502667
6711,1,2017_2018,1,93.10451667
6712,1,2017_2018,2,111.7954
6713,1,2017_2018,2,186.4614833
6715,1,2017_2018,2,114.72105
6716,1,2017_2018,1,94.2426
6717,1,2017_2018,1,21.0007
6718,1,2017_2018,2,186.4210333
6719,1,2017_2018,1,92.17843333
6720,1,2017_2018,1,61.21598333
6721,1,2017_2018,2,186.4614833
6722,1,2017_2018,1,94.2426
6723,1,2017_2018,1,18.21495
6724,1,2017_2018,2,44.43428333
6725,1,2017_2018,1,30.2778
6726,1,2017_2018,1,15.99338333
6727,1,2017_2018,1,92.16768333
6728,1,2017_2018,1,6.0405
6729,1,2017_2018,2,145.2656333
6730,1,2017_2018,2,185.1418167
6731,1,2017_2018,1,6.244116667
6732,1,2017_2018,2,185.1418167
6734,1,2017_2018,1,92.16768333
6735,1,2017_2018,1,92.97413333
6736,1,2017_2018,1,94.21345
6737,1,2017_2018,2,125.6192833
6738,1,2017_2018,2,185.1418167
6739,1,2017_2018,1,45.56056667
6740,1,2017_2018,1,93.5819
6742,1,2017_2018,1,93.5819
6744,1,2017_2018,1,23.64095
6746,1,2017_2018,2,189.2247667
6751,1,2017_2018,2,130.3627167
6752,1,2017_2018,2,188.0693667
6753,1,2017_2018,1,60.19228333
6754,1,2017_2018,2,186.4356833
6755,1,2017_2018,2,188.0693667
6756,1,2017_2018,2,101.7359
6757,1,2017_2018,2,186.4356833
6758,1,2017_2018,2,160.5891667
6759,1,2017_2018,1,63.74345
6760,1,2017_2018,1,24.05098333
6761,1,2017_2018,2,179.1543833
6762,1,2017_2018,2,188.0693667
6763,1,2017_2018,1,57.20306667
6764,1,2017_2018,1,94.5085
6765,1,2017_2018,2,188.0693667
6766,1,2017_2018,2,186.4356833
6767,1,2017_2018,2,68.86305
6768,1,2017_2018,1,93.11121667
6769,1,2017_2018,1,93.11121667
6770,1,2017_2018,1,93.11121667
6771,1,2017_2018,2,151.0311167
6772,1,2017_2018,2,188.0693667
6773,1,2017_2018,1,30.29448333
6774,1,2017_2018,2,95.03763333
6775,1,2017_2018,2,170.4438333
6776,1,2017_2018,1,92.73053333
6777,1,2017_2018,1,92.97413333
6778,1,2017_2018,1,45.08616667
6779,1,2017_2018,2,154.8640167
6780,1,2017_2018,1,95.12271667
6783,1,2017_2018,1,11.7067
6785,1,2017_2018,1,93.14708333
6790,1,2017_2018,1,93.32446667
6791,1,2017_2018,1,17.22183333
6792,1,2017_2018,1,93.32446667
6794,1,2017_2018,1,93.00845
6795,1,2017_2018,1,96.94426667
6796,1,2017_2018,1,20.88058333
6797,1,2017_2018,2,190.42725
6798,1,2017_2018,2,190.42725
6799,1,2017_2018,2,146.219
6800,1,2017_2018,1,84.06368333
6801,1,2017_2018,1,12.03625
6802,1,2017_2018,1,93.48298333
6803,1,2017_2018,1,14.6198
6804,1,2017_2018,2,97.4188
6805,1,2017_2018,1,96.94426667
6806,1,2017_2018,1,95.12271667
6807,1,2017_2018,1,32.52413333
6808,1,2017_2018,1,20.96498333
6809,1,2017_2018,1,95.12271667
6810,1,2017_2018,1,8.982533333
6821,1,2017_2018,2,175.0133667
6822,1,2017_2018,1,71.69998333
6823,1,2017_2018,1,92.17843333
6826,1,2017_2018,2,186.4210333
6828,1,2017_2018,2,188.0693667
6829,1,2017_2018,2,140.2804167
6830,1,2017_2018,2,126.9333667
6831,1,2017_2018,2,115.9695333
6832,1,2017_2018,1,19.95541667
6834,1,2017_2018,1,26.29066667
6835,1,2017_2018,1,93.15895
6836,1,2017_2018,2,103.68005
6838,1,2017_2018,1,63.65855
6843,1,2017_2018,1,67.74243333
6846,1,2017_2018,2,38.26415
6847,1,2017_2018,1,71.78403333
6848,1,2017_2018,1,93.5819
6849,1,2017_2018,11,724.2384167
6852,1,2017_2018,2,157.5104167
6855,1,2017_2018,1,94.21345
6856,1,2017_2018,1,95.06438333
6857,1,2017_2018,1,47.78895
6858,1,2017_2018,1,22.14578333
6859,1,2017_2018,1,48.76483333
6861,1,2017_2018,1,95.08266667
6862,1,2017_2018,1,93.56086667
6863,1,2017_2018,2,180.5522
6864,1,2017_2018,1,39.4914
6867,1,2017_2018,2,167.3641167
6870,1,2017_2018,1,60.36956667
6872,1,2017_2018,1,93.82128333
6873,1,2017_2018,2,102.1730333
6874,1,2017_2018,1,5.261333333
6875,1,2017_2018,1,65.97935
6881,1,2017_2018,1,15.78143333
6884,1,2017_2018,1,93.48298333
6885,1,2017_2018,1,93.26605
6886,1,2017_2018,1,18.33258333
6887,1,2017_2018,2,186.3533667
6888,1,2017_2018,2,123.6384
6890,1,2017_2018,1,96.94426667
6891,1,2017_2018,2,180.6011167
6894,1,2017_2018,1,92.27001667
6895,1,2017_2018,1,92.27001667
6896,1,2017_2018,1,15.03701667
6897,1,2017_2018,1,59.34346667
6913,1,2017_2018,1,92.97413333
6920,1,2017_2018,2,118.9746333
6921,1,2017_2018,1,96.14991667
6922,1,2017_2018,2,113.4944667
6923,1,2017_2018,2,188.5977833
6924,1,2017_2018,2,188.88045
6925,1,2017_2018,1,85.5102
6926,1,2017_2018,1,96.14991667
6927,1,2017_2018,1,10.63971667
6928,1,2017_2018,2,173.8471667
6929,1,2017_2018,2,84.8758
6930,1,2017_2018,2,188.5977833
6931,1,2017_2018,2,188.5977833
6932,1,2017_2018,1,75.10331667
7064,1,2017_2018,1,10.75786667
7069,1,2017_2018,1,93.19543333
7105,1,2017_2018,1,65.48278333
7577,1,2017_2018,1,48.09285
7578,1,2017_2018,1,93.14708333
7692,1,2017_2018,1,92.44786667
7914,1,2017_2018,1,9.5817
8099,1,2017_2018,1,14.75061667
8204,1,2017_2018,1,92.44786667
8652,1,2017_2018,1,94.5085
10755,1,2017_2018,1,92.44786667
10802,1,2017_2018,15,653.1862333
15805,1,2017_2018,1,77.19521667
18616,1,2017_2018,1,33.86281667
18867,1,2017_2018,1,71.23123333
19669,1,2017_2018,1,35.79068333
19677,1,2017_2018,2,164.3420833
20055,1,2017_2018,35,3284.740717
20062,1,2017_2018,1,67.72533333
2950,2,2016_2017,1,35.19743333
3023,2,2016_2017,2,190.0804667
3093,2,2016_2017,2,187.3171
3130,2,2016_2017,1,22.43966667
3163,2,2016_2017,1,7.493583333
3253,2,2016_2017,1,93.21593333
3265,2,2016_2017,1,93.06071667
3269,2,2016_2017,2,121.3334833
3362,2,2016_2017,2,186.41815
3389,2,2016_2017,2,140.9207833
3416,2,2016_2017,1,93.12533333
3434,2,2016_2017,1,17.08556667
3497,2,2016_2017,2,90.79086667
3508,2,2016_2017,1,76.50096667
3601,2,2016_2017,1,37.95775
3610,2,2016_2017,2,185.3792833
3990,2,2016_2017,1,93.23948333
4320,2,2016_2017,26,2381.595883
4353,2,2016_2017,2,187.2170667
4406,2,2016_2017,2,107.5326667
4498,2,2016_2017,1,93.4822
4691,2,2016_2017,1,93.1033
4741,2,2016_2017,1,92.07428333
4909,2,2016_2017,1,33.62961667
4926,2,2016_2017,1,65.5065
5199,2,2016_2017,2,187.22685
5200,2,2016_2017,1,93.29505
5201,2,2016_2017,2,172.55875
5202,2,2016_2017,1,95.31186667
5203,2,2016_2017,29,2454.9664
5207,2,2016_2017,2,188.6069167
5211,2,2016_2017,23,1850.754933
5213,2,2016_2017,22,1997.858033
5216,2,2016_2017,21,1334.592
5217,2,2016_2017,1,93.13868333
5246,2,2016_2017,32,2714.533733
5249,2,2016_2017,2,187.22685
5456,2,2016_2017,2,109.3472833
5461,2,2016_2017,1,94.09228333
5463,2,2016_2017,2,188.6069167
5470,2,2016_2017,30,2324.686083
5485,2,2016_2017,1,93.29505
5487,2,2016_2017,2,187.22685
5492,2,2016_2017,25,2220.878617
5503,2,2016_2017,34,2947.382767
5506,2,2016_2017,23,1820.375967
5516,2,2016_2017,1,42.17643333
5539,2,2016_2017,2,99.5546
5552,2,2016_2017,2,188.6069167
5560,2,2016_2017,2,158.2581167
5574,2,2016_2017,1,95.31186667
5577,2,2016_2017,1,93.12533333
5582,2,2016_2017,2,186.58525
5597,2,2016_2017,2,188.6069167
5633,2,2016_2017,2,140.68395
5687,2,2016_2017,2,171.3440667
5695,2,2016_2017,1,11.592
5718,2,2016_2017,1,72.76105
5719,2,2016_2017,2,73.12648333
5721,2,2016_2017,2,188.6069167
5724,2,2016_2017,1,93.06071667
5725,2,2016_2017,1,93.12533333
5737,2,2016_2017,2,185.5648833
5741,2,2016_2017,2,190.7021333
5742,2,2016_2017,1,45.25563333
6038,2,2016_2017,1,61.98436667
6320,2,2016_2017,2,187.22685
6357,2,2016_2017,2,188.29695
6375,2,2016_2017,1,93.13456667
6376,2,2016_2017,2,187.22685
6377,2,2016_2017,2,56.36756667
6378,2,2016_2017,2,187.22685
6379,2,2016_2017,28,2116.21145
6381,2,2016_2017,2,152.9058167
6382,2,2016_2017,2,60.48015
6383,2,2016_2017,1,20.41268333
6384,2,2016_2017,2,187.22685
6386,2,2016_2017,1,93.93551667
6388,2,2016_2017,2,156.1113333
6389,2,2016_2017,1,58.84158333
6390,2,2016_2017,1,76.20321667
6391,2,2016_2017,2,104.93915
6392,2,2016_2017,1,51.57606667
6393,2,2016_2017,2,187.2170667
6394,2,2016_2017,2,135.641
6396,2,2016_2017,2,128.3754833
6399,2,2016_2017,1,38.72778333
6400,2,2016_2017,6,495.7614
6401,2,2016_2017,2,130.8303833
6402,2,2016_2017,16,701.3156833
6557,2,2016_2017,1,74.74416667
6559,2,2016_2017,1,83.11436667
6561,2,2016_2017,1,94.39781667
6563,2,2016_2017,1,66.30823333
6569,2,2016_2017,1,94.39781667
6571,2,2016_2017,1,42.66578333
6576,2,2016_2017,2,187.2170667
6580,2,2016_2017,1,94.39781667
6581,2,2016_2017,1,11.28345
6583,2,2016_2017,1,93.15546667
6584,2,2016_2017,1,19.58838333
6592,2,2016_2017,1,93.12533333
6593,2,2016_2017,2,140.2605167
6594,2,2016_2017,1,24.78561667
6595,2,2016_2017,2,190.7021333
6596,2,2016_2017,2,130.20385
6597,2,2016_2017,2,188.2322
6598,2,2016_2017,1,92.39108333
6599,2,2016_2017,1,47.02458333
6601,2,2016_2017,2,100.5369833
6602,2,2016_2017,1,95.84111667
6603,2,2016_2017,1,86.4734
6605,2,2016_2017,1,94.96
6606,2,2016_2017,2,82.27791667
6607,2,2016_2017,1,31.2802
6608,2,2016_2017,2,170.4477
6609,2,2016_2017,23,1129.035583
6610,2,2016_2017,1,93.4822
6613,2,2016_2017,1,93.11415
6614,2,2016_2017,2,187.2924
6615,2,2016_2017,2,187.2924
6616,2,2016_2017,3,146.5861667
6617,2,2016_2017,1,78.64818333
6624,2,2016_2017,1,60.32576667
6628,2,2016_2017,1,36.2601
6629,2,2016_2017,2,187.2924
6646,2,2016_2017,2,187.3342833
6648,2,2016_2017,2,187.3342833
6649,2,2016_2017,2,187.2170667
6654,2,2016_2017,2,187.3342833
6655,2,2016_2017,1,33.54806667
6657,2,2016_2017,2,166.0373
6659,2,2016_2017,1,15.53006667
6662,2,2016_2017,1,95.84111667
6665,2,2016_2017,2,190.0804667
6667,2,2016_2017,2,47.34138333
6669,2,2016_2017,2,180.6569333
6671,2,2016_2017,2,190.0804667
6673,2,2016_2017,2,54.12598333
6675,2,2016_2017,1,82.47585
6685,2,2016_2017,2,180.61495
6690,2,2016_2017,2,167.7768333
6693,2,2016_2017,2,190.0804667
6694,2,2016_2017,2,190.0804667
6695,2,2016_2017,1,19.1859
6697,2,2016_2017,2,152.13685
6699,2,2016_2017,2,168.1160333
6700,2,2016_2017,2,170.2345833
6702,2,2016_2017,1,93.12533333
6703,2,2016_2017,2,21.57453333
6704,2,2016_2017,2,180.9336667
6707,2,2016_2017,1,17.89685
6709,2,2016_2017,1,93.17866667
6710,2,2016_2017,2,83.16965
6711,2,2016_2017,1,93.17866667
6712,2,2016_2017,2,177.40515
6713,2,2016_2017,1,94.39781667
6714,2,2016_2017,1,25.99725
6718,2,2016_2017,2,185.5648833
6719,2,2016_2017,1,67.21868333
6720,2,2016_2017,2,131.0047667
6721,2,2016_2017,2,156.02565
6725,2,2016_2017,1,8.00345
6727,2,2016_2017,2,186.58525
6729,2,2016_2017,1,93.52453333
6731,2,2016_2017,1,93.52453333
6733,2,2016_2017,1,93.52453333
6734,2,2016_2017,1,29.60703333
6735,2,2016_2017,1,10.43098333
6738,2,2016_2017,1,85.38041667
6744,2,2016_2017,1,93.21593333
6751,2,2016_2017,2,176.2140667
6752,2,2016_2017,1,94.65521667
6754,2,2016_2017,2,189.1667833
6755,2,2016_2017,1,94.65521667
6757,2,2016_2017,2,189.1667833
6758,2,2016_2017,1,92.97085
6759,2,2016_2017,2,154.8615667
6761,2,2016_2017,1,31.8795
6762,2,2016_2017,2,102.0441
6763,2,2016_2017,2,146.85555
6764,2,2016_2017,1,94.39781667
6765,2,2016_2017,2,105.5239167
6766,2,2016_2017,2,189.1667833
6768,2,2016_2017,2,146.501
6770,2,2016_2017,2,18.88905
6771,2,2016_2017,2,188.29695
6772,2,2016_2017,2,188.29695
6775,2,2016_2017,2,187.3171
6776,2,2016_2017,1,93.17866667
6777,2,2016_2017,1,28.71448333
6779,2,2016_2017,2,88.14636667
6789,2,2016_2017,2,187.2170667
6791,2,2016_2017,2,189.1667833
6794,2,2016_2017,1,93.13868333
6796,2,2016_2017,1,93.13868333
6797,2,2016_2017,1,68.22403333
6800,2,2016_2017,1,61.5829
6802,2,2016_2017,1,93.13868333
6804,2,2016_2017,1,93.13868333
6805,2,2016_2017,1,93.13868333
6822,2,2016_2017,2,101.6551
6823,2,2016_2017,2,185.5648833
6825,2,2016_2017,1,93.21593333
6826,2,2016_2017,1,92.34895
6828,2,2016_2017,2,187.2881333
6829,2,2016_2017,2,40.98203333
6830,2,2016_2017,1,93.13868333
6832,2,2016_2017,2,187.3342833
6833,2,2016_2017,1,95.84111667
6835,2,2016_2017,1,94.23098333
6837,2,2016_2017,1,94.13843333
6838,2,2016_2017,1,26.4839
6839,2,2016_2017,2,187.2924
6840,2,2016_2017,2,187.2924
6841,2,2016_2017,2,183.7048667
6842,2,2016_2017,2,111.01385
6844,2,2016_2017,1,94.39781667
6846,2,2016_2017,1,59.49571667
6847,2,2016_2017,1,28.08958333
6849,2,2016_2017,15,1060.1393
6852,2,2016_2017,1,31.15431667
6856,2,2016_2017,2,114.0352167
6859,2,2016_2017,2,116.23585
6862,2,2016_2017,1,83.21075
6866,2,2016_2017,1,12.95271667
6867,2,2016_2017,1,96.19593333
6868,2,2016_2017,2,134.53855
6869,2,2016_2017,2,157.8707667
6870,2,2016_2017,2,189.1667833
6872,2,2016_2017,1,93.1033
6875,2,2016_2017,2,101.1787667
6877,2,2016_2017,1,93.28155
6880,2,2016_2017,1,93.1033
6881,2,2016_2017,1,93.11415
6883,2,2016_2017,1,85.8971
6884,2,2016_2017,1,93.13868333
6891,2,2016_2017,2,190.7021333
6895,2,2016_2017,2,188.2322
6899,2,2016_2017,1,70.05456667
6900,2,2016_2017,1,8.003716667
6902,2,2016_2017,1,22.81903333
6903,2,2016_2017,1,56.85405
6906,2,2016_2017,1,14.86891667
6907,2,2016_2017,2,120.1204833
6913,2,2016_2017,2,186.58525
6914,2,2016_2017,1,95.84111667
6922,2,2016_2017,2,185.3792833
6924,2,2016_2017,1,17.08251667
6926,2,2016_2017,1,19.99215
6927,2,2016_2017,1,33.57913333
6928,2,2016_2017,1,92.1398
6929,2,2016_2017,1,63.14433333
6934,2,2016_2017,1,73.24733333
6998,2,2016_2017,14,881.1171667
7005,2,2016_2017,2,182.6986833
7034,2,2016_2017,2,179.8945833
7105,2,2016_2017,1,46.12108333
7161,2,2016_2017,2,187.3342833
7469,2,2016_2017,1,92.07428333
7478,2,2016_2017,1,93.94775
7692,2,2016_2017,2,185.3792833
7781,2,2016_2017,2,134.46825
7904,2,2016_2017,1,7.83775
7907,2,2016_2017,1,93.23948333
7909,2,2016_2017,1,92.34895
8234,2,2016_2017,1,94.39781667
8281,2,2016_2017,1,97.54666667
8440,2,2016_2017,1,58.56066667
8540,2,2016_2017,2,43.36058333
8652,2,2016_2017,1,94.17825
8668,2,2016_2017,2,185.3792833
8697,2,2016_2017,1,93.64173333
8724,2,2016_2017,1,95.12046667
9879,2,2016_2017,1,92.39108333
10488,2,2016_2017,1,75.73461667
10609,2,2016_2017,10,798.5565167
10612,2,2016_2017,2,187.3171
10753,2,2016_2017,1,64.48646667
10755,2,2016_2017,2,177.5415333
10802,2,2016_2017,26,1374.60205
11094,2,2016_2017,15,1006.78805
11501,2,2016_2017,2,87.09783333
11634,2,2016_2017,1,94.23098333
11746,2,2016_2017,2,92.42113333
12789,2,2016_2017,1,55.14555
13107,2,2016_2017,1,77.24655
13599,2,2016_2017,2,42.0164
13730,2,2016_2017,1,93.12533333
15805,2,2016_2017,1,14.84213333
15893,2,2016_2017,1,47.08555
15955,2,2016_2017,2,107.2156667
15959,2,2016_2017,1,45.03785
16000,2,2016_2017,1,24.17641667
16338,2,2016_2017,1,93.12533333
16441,2,2016_2017,1,36.85598333
16539,2,2016_2017,2,189.1667833
18160,2,2016_2017,1,93.94775
18867,2,2016_2017,1,8.333883333
18904,2,2016_2017,1,47.09331667
18925,2,2016_2017,1,93.4822
19396,2,2016_2017,1,92.39108333
19677,2,2016_2017,2,160.4725167
20055,2,2016_2017,32,3001.887083
20253,2,2016_2017,2,122.9424167
21210,2,2016_2017,2,185.5648833
21229,2,2016_2017,1,17.39071667
21399,2,2016_2017,2,101.7588
22041,2,2016_2017,1,17.53321667
22819,2,2016_2017,1,94.65521667
23488,2,2016_2017,1,97.54666667
23747,2,2016_2017,1,24.7555
23785,2,2016_2017,1,50.96225
23800,2,2016_2017,2,73.1877
23806,2,2016_2017,1,93.06071667
23816,2,2016_2017,1,15.82733333
23821,2,2016_2017,1,92.07428333
23931,2,2016_2017,1,78.80636667
23944,2,2016_2017,2,155.8574167
23946,2,2016_2017,1,20.19315
23947,2,2016_2017,2,186.0220333
23948,2,2016_2017,1,93.94775
23950,2,2016_2017,1,47.94015
23991,2,2016_2017,2,186.0220333
23995,2,2016_2017,1,71.88113333
24133,2,2016_2017,1,92.39108333
24144,2,2016_2017,1,78.39735
24162,2,2016_2017,1,93.4822
24173,2,2016_2017,1,93.4822
24263,2,2016_2017,1,33.15643333
24313,2,2016_2017,1,46.0076
24508,2,2016_2017,1,93.4822
24704,2,2016_2017,1,95.84111667
24872,2,2016_2017,1,93.94775
25134,2,2016_2017,1,94.17825
25144,2,2016_2017,2,190.7021333
25351,2,2016_2017,1,75.22638333
25591,2,2016_2017,1,93.4822
25707,2,2016_2017,1,19.39426667
26009,2,2016_2017,1,72.0611
26103,2,2016_2017,1,94.39781667
26248,2,2016_2017,1,21.8348
26387,2,2016_2017,1,69.42275
26553,2,2016_2017,1,92.39108333
26723,2,2016_2017,1,93.1033
26753,2,2016_2017,2,185.3792833
26776,2,2016_2017,1,93.12533333
27243,2,2016_2017,1,70.5719
27305,2,2016_2017,2,186.58525
27318,2,2016_2017,1,46.39665
27341,2,2016_2017,1,24.91465
27346,2,2016_2017,2,145.7825
27558,2,2016_2017,1,93.4822
27563,2,2016_2017,1,92.07428333
27564,2,2016_2017,1,92.07428333
27565,2,2016_2017,2,185.3792833
27566,2,2016_2017,1,30.16461667
27567,2,2016_2017,1,28.99546667
27639,2,2016_2017,1,71.29053333
27656,2,2016_2017,1,45.3665